<?xml version="1.0" encoding="utf-8"?>
<TransXChange xmlns:xsi="http://www.w3.org/2001/XMLSchema-instance" xmlns:xsd="http://www.w3.org/2001/XMLSchema" xsi:schemaLocation="http://www.transxchange.org.uk/ http://www.transxchange.org.uk/schema/2.1/TransXChange_general.xsd" CreationDateTime="2020-03-26T09:08:09.9288Z" ModificationDateTime="2020-03-26T09:08:09.9288Z" Modification="new" RevisionNumber="3" FileName="suf_22-348-_-y08-3.xml" SchemaVersion="2.1" RegistrationDocument="false" xmlns="http://www.transxchange.org.uk/">
  <StopPoints>
    <AnnotatedStopPointRef>
      <StopPointRef>390050227</StopPointRef>
      <CommonName>Bus Station</CommonName>
      <Indicator>Stand 4</Indicator>
      <LocalityName>Haverhill</LocalityName>
      <LocalityQualifier>Suffolk</LocalityQualifier>
    </AnnotatedStopPointRef>
    <AnnotatedStopPointRef>
      <StopPointRef>390050286</StopPointRef>
      <CommonName>Millfields Way</CommonName>
      <Indicator>opp</Indicator>
      <LocalityName>Haverhill</LocalityName>
      <LocalityQualifier>Suffolk</LocalityQualifier>
    </AnnotatedStopPointRef>
    <AnnotatedStopPointRef>
      <StopPointRef>390050288</StopPointRef>
      <CommonName>Minster Road</CommonName>
      <Indicator>o/s 19</Indicator>
      <LocalityName>Haverhill</LocalityName>
      <LocalityQualifier>Suffolk</LocalityQualifier>
    </AnnotatedStopPointRef>
    <AnnotatedStopPointRef>
      <StopPointRef>390051138</StopPointRef>
      <CommonName>Abbots Road</CommonName>
      <LocalityName>Haverhill</LocalityName>
      <LocalityQualifier>Suffolk</LocalityQualifier>
    </AnnotatedStopPointRef>
    <AnnotatedStopPointRef>
      <StopPointRef>390050287</StopPointRef>
      <CommonName>Millfields Way</CommonName>
      <Indicator>adj</Indicator>
      <LocalityName>Haverhill</LocalityName>
      <LocalityQualifier>Suffolk</LocalityQualifier>
    </AnnotatedStopPointRef>
    <AnnotatedStopPointRef>
      <StopPointRef>390050231</StopPointRef>
      <CommonName>Bus Station</CommonName>
      <Indicator>Arrivals</Indicator>
      <LocalityName>Haverhill</LocalityName>
      <LocalityQualifier>Suffolk</LocalityQualifier>
    </AnnotatedStopPointRef>
  </StopPoints>
  <RouteSections>
    <RouteSection id="RS_22-348-_-y08-3-O-1">
      <RouteLink id="RL_22-348-_-y08-3-O-1-1">
        <From>
          <StopPointRef>390050227</StopPointRef>
        </From>
        <To>
          <StopPointRef>390050286</StopPointRef>
        </To>
        <Direction>outbound</Direction>
      </RouteLink>
      <RouteLink id="RL_22-348-_-y08-3-O-1-2">
        <From>
          <StopPointRef>390050286</StopPointRef>
        </From>
        <To>
          <StopPointRef>390050288</StopPointRef>
        </To>
        <Direction>outbound</Direction>
      </RouteLink>
      <RouteLink id="RL_22-348-_-y08-3-O-1-3">
        <From>
          <StopPointRef>390050288</StopPointRef>
        </From>
        <To>
          <StopPointRef>390051138</StopPointRef>
        </To>
        <Direction>outbound</Direction>
      </RouteLink>
      <RouteLink id="RL_22-348-_-y08-3-O-1-4">
        <From>
          <StopPointRef>390051138</StopPointRef>
        </From>
        <To>
          <StopPointRef>390050287</StopPointRef>
        </To>
        <Direction>outbound</Direction>
      </RouteLink>
      <RouteLink id="RL_22-348-_-y08-3-O-1-5">
        <From>
          <StopPointRef>390050287</StopPointRef>
        </From>
        <To>
          <StopPointRef>390050231</StopPointRef>
        </To>
        <Direction>outbound</Direction>
      </RouteLink>
    </RouteSection>
  </RouteSections>
  <Routes>
    <Route id="R_22-348-_-y08-3-O-1">
      <PrivateCode>R_22-348-_-y08-3-O-1</PrivateCode>
      <Description>Bus Station - Bus Station</Description>
      <RouteSectionRef>RS_22-348-_-y08-3-O-1</RouteSectionRef>
    </Route>
  </Routes>
  <JourneyPatternSections>
    <JourneyPatternSection id="JPS_22-348-_-y08-3-1-1-O">
      <JourneyPatternTimingLink id="JPL_22-348-_-y08-3-1-O-1-2">
        <From SequenceNumber="1">
          <Activity>pickUp</Activity>
          <StopPointRef>390050227</StopPointRef>
          <TimingStatus>PTP</TimingStatus>
        </From>
        <To SequenceNumber="2">
          <Activity>pickUpAndSetDown</Activity>
          <StopPointRef>390050286</StopPointRef>
          <TimingStatus>PTP</TimingStatus>
        </To>
        <RouteLinkRef>RL_22-348-_-y08-3-O-1-1</RouteLinkRef>
        <RunTime>PT3M</RunTime>
      </JourneyPatternTimingLink>
      <JourneyPatternTimingLink id="JPL_22-348-_-y08-3-1-O-1-3">
        <From SequenceNumber="2">
          <Activity>pickUpAndSetDown</Activity>
          <StopPointRef>390050286</StopPointRef>
          <TimingStatus>PTP</TimingStatus>
        </From>
        <To SequenceNumber="3">
          <Activity>pickUpAndSetDown</Activity>
          <StopPointRef>390050288</StopPointRef>
          <TimingStatus>PTP</TimingStatus>
        </To>
        <RouteLinkRef>RL_22-348-_-y08-3-O-1-2</RouteLinkRef>
        <RunTime>PT1M</RunTime>
      </JourneyPatternTimingLink>
      <JourneyPatternTimingLink id="JPL_22-348-_-y08-3-1-O-1-4">
        <From SequenceNumber="3">
          <Activity>pickUpAndSetDown</Activity>
          <StopPointRef>390050288</StopPointRef>
          <TimingStatus>PTP</TimingStatus>
        </From>
        <To SequenceNumber="4">
          <Activity>pickUpAndSetDown</Activity>
          <StopPointRef>390051138</StopPointRef>
          <TimingStatus>PTP</TimingStatus>
        </To>
        <RouteLinkRef>RL_22-348-_-y08-3-O-1-3</RouteLinkRef>
        <RunTime>PT1M</RunTime>
      </JourneyPatternTimingLink>
      <JourneyPatternTimingLink id="JPL_22-348-_-y08-3-1-O-1-5">
        <From SequenceNumber="4">
          <Activity>pickUpAndSetDown</Activity>
          <StopPointRef>390051138</StopPointRef>
          <TimingStatus>PTP</TimingStatus>
        </From>
        <To SequenceNumber="5">
          <Activity>pickUpAndSetDown</Activity>
          <StopPointRef>390050287</StopPointRef>
          <TimingStatus>PTP</TimingStatus>
        </To>
        <RouteLinkRef>RL_22-348-_-y08-3-O-1-4</RouteLinkRef>
        <RunTime>PT1M</RunTime>
      </JourneyPatternTimingLink>
      <JourneyPatternTimingLink id="JPL_22-348-_-y08-3-1-O-1-6">
        <From SequenceNumber="5">
          <Activity>pickUpAndSetDown</Activity>
          <StopPointRef>390050287</StopPointRef>
          <TimingStatus>PTP</TimingStatus>
        </From>
        <To SequenceNumber="6">
          <Activity>setDown</Activity>
          <StopPointRef>390050231</StopPointRef>
          <TimingStatus>PTP</TimingStatus>
        </To>
        <RouteLinkRef>RL_22-348-_-y08-3-O-1-5</RouteLinkRef>
        <RunTime>PT3M</RunTime>
      </JourneyPatternTimingLink>
    </JourneyPatternSection>
    <JourneyPatternSection id="JPS_22-348-_-y08-3-2-1-O">
      <JourneyPatternTimingLink id="JPL_22-348-_-y08-3-2-O-1-2">
        <From SequenceNumber="1">
          <Activity>pickUp</Activity>
          <StopPointRef>390050227</StopPointRef>
          <TimingStatus>PTP</TimingStatus>
        </From>
        <To SequenceNumber="2">
          <Activity>pickUpAndSetDown</Activity>
          <StopPointRef>390050286</StopPointRef>
          <TimingStatus>PTP</TimingStatus>
        </To>
        <RouteLinkRef>RL_22-348-_-y08-3-O-1-1</RouteLinkRef>
        <RunTime>PT3M</RunTime>
      </JourneyPatternTimingLink>
      <JourneyPatternTimingLink id="JPL_22-348-_-y08-3-2-O-1-3">
        <From SequenceNumber="2">
          <Activity>pickUpAndSetDown</Activity>
          <StopPointRef>390050286</StopPointRef>
          <TimingStatus>PTP</TimingStatus>
        </From>
        <To SequenceNumber="3">
          <Activity>pickUpAndSetDown</Activity>
          <StopPointRef>390050288</StopPointRef>
          <TimingStatus>PTP</TimingStatus>
        </To>
        <RouteLinkRef>RL_22-348-_-y08-3-O-1-2</RouteLinkRef>
        <RunTime>PT1M</RunTime>
      </JourneyPatternTimingLink>
      <JourneyPatternTimingLink id="JPL_22-348-_-y08-3-2-O-1-4">
        <From SequenceNumber="3">
          <Activity>pickUpAndSetDown</Activity>
          <StopPointRef>390050288</StopPointRef>
          <TimingStatus>PTP</TimingStatus>
        </From>
        <To SequenceNumber="4">
          <Activity>pickUpAndSetDown</Activity>
          <StopPointRef>390051138</StopPointRef>
          <TimingStatus>PTP</TimingStatus>
        </To>
        <RouteLinkRef>RL_22-348-_-y08-3-O-1-3</RouteLinkRef>
        <RunTime>PT1M</RunTime>
      </JourneyPatternTimingLink>
      <JourneyPatternTimingLink id="JPL_22-348-_-y08-3-2-O-1-5">
        <From SequenceNumber="4">
          <Activity>pickUpAndSetDown</Activity>
          <StopPointRef>390051138</StopPointRef>
          <TimingStatus>PTP</TimingStatus>
        </From>
        <To SequenceNumber="5">
          <Activity>pickUpAndSetDown</Activity>
          <StopPointRef>390050287</StopPointRef>
          <TimingStatus>PTP</TimingStatus>
        </To>
        <RouteLinkRef>RL_22-348-_-y08-3-O-1-4</RouteLinkRef>
        <RunTime>PT1M</RunTime>
      </JourneyPatternTimingLink>
      <JourneyPatternTimingLink id="JPL_22-348-_-y08-3-2-O-1-6">
        <From SequenceNumber="5">
          <Activity>pickUpAndSetDown</Activity>
          <StopPointRef>390050287</StopPointRef>
          <TimingStatus>PTP</TimingStatus>
        </From>
        <To SequenceNumber="6">
          <Activity>setDown</Activity>
          <StopPointRef>390050231</StopPointRef>
          <TimingStatus>PTP</TimingStatus>
        </To>
        <RouteLinkRef>RL_22-348-_-y08-3-O-1-5</RouteLinkRef>
        <RunTime>PT4M</RunTime>
      </JourneyPatternTimingLink>
    </JourneyPatternSection>
  </JourneyPatternSections>
  <Operators>
    <Operator id="OId_STCB">
      <NationalOperatorCode>STCB</NationalOperatorCode>
      <OperatorCode>STCB</OperatorCode>
      <OperatorShortName>Star Cabs</OperatorShortName>
      <OperatorNameOnLicence>Star Cabs</OperatorNameOnLicence>
      <TradingName>Star Cabs</TradingName>
    </Operator>
  </Operators>
  <Services>
    <Service>
      <ServiceCode>22-348-_-y08-3</ServiceCode>
      <PrivateCode>22-348-_-y08-3</PrivateCode>
      <Lines>
        <Line id="22-348-_-y08-3">
          <LineName>348</LineName>
        </Line>
      </Lines>
      <OperatingPeriod>
        <StartDate>2020-03-24</StartDate>
        <EndDate>2020-09-25</EndDate>
      </OperatingPeriod>
      <OperatingProfile>
        <RegularDayType>
          <DaysOfWeek>
            <MondayToFriday />
          </DaysOfWeek>
        </RegularDayType>
      </OperatingProfile>
      <RegisteredOperatorRef>OId_STCB</RegisteredOperatorRef>
      <StopRequirements>
        <NoNewStopsRequired />
      </StopRequirements>
      <Mode>bus</Mode>
      <Description>Haverhill Town Service (Chapple Drive)</Description>
      <StandardService>
        <Origin>Bus Station</Origin>
        <Destination>Bus Station</Destination>
        <JourneyPattern id="JP_22-348-_-y08-3-1-O-1">
          <Direction>outbound</Direction>
          <RouteRef>R_22-348-_-y08-3-O-1</RouteRef>
          <JourneyPatternSectionRefs>JPS_22-348-_-y08-3-1-1-O</JourneyPatternSectionRefs>
        </JourneyPattern>
        <JourneyPattern id="JP_22-348-_-y08-3-2-O-1">
          <Direction>outbound</Direction>
          <RouteRef>R_22-348-_-y08-3-O-1</RouteRef>
          <JourneyPatternSectionRefs>JPS_22-348-_-y08-3-2-1-O</JourneyPatternSectionRefs>
        </JourneyPattern>
      </StandardService>
    </Service>
  </Services>
  <VehicleJourneys>
    <VehicleJourney>
      <PrivateCode>suf-22-348-_-y08-3-1-T0</PrivateCode>
      <OperatingProfile>
        <RegularDayType>
          <DaysOfWeek>
            <MondayToFriday />
          </DaysOfWeek>
        </RegularDayType>
        <BankHolidayOperation>
          <DaysOfNonOperation>
            <GoodFriday />
            <LateSummerBankHolidayNotScotland />
            <MayDay />
            <EasterMonday />
            <SpringBank />
          </DaysOfNonOperation>
        </BankHolidayOperation>
      </OperatingProfile>
      <VehicleJourneyCode>VJ_22-348-_-y08-3-1-T0</VehicleJourneyCode>
      <ServiceRef>22-348-_-y08-3</ServiceRef>
      <LineRef>22-348-_-y08-3</LineRef>
      <JourneyPatternRef>JP_22-348-_-y08-3-1-O-1</JourneyPatternRef>
      <DepartureTime>10:15:00</DepartureTime>
    </VehicleJourney>
    <VehicleJourney>
      <PrivateCode>suf-22-348-_-y08-3-2-T0</PrivateCode>
      <OperatingProfile>
        <RegularDayType>
          <DaysOfWeek>
            <MondayToFriday />
          </DaysOfWeek>
        </RegularDayType>
        <BankHolidayOperation>
          <DaysOfNonOperation>
            <GoodFriday />
            <LateSummerBankHolidayNotScotland />
            <MayDay />
            <EasterMonday />
            <SpringBank />
          </DaysOfNonOperation>
        </BankHolidayOperation>
      </OperatingProfile>
      <VehicleJourneyCode>VJ_22-348-_-y08-3-2-T0</VehicleJourneyCode>
      <ServiceRef>22-348-_-y08-3</ServiceRef>
      <LineRef>22-348-_-y08-3</LineRef>
      <JourneyPatternRef>JP_22-348-_-y08-3-2-O-1</JourneyPatternRef>
      <DepartureTime>11:15:00</DepartureTime>
    </VehicleJourney>
    <VehicleJourney>
      <PrivateCode>suf-22-348-_-y08-3-3-T0</PrivateCode>
      <OperatingProfile>
        <RegularDayType>
          <DaysOfWeek>
            <MondayToFriday />
          </DaysOfWeek>
        </RegularDayType>
        <BankHolidayOperation>
          <DaysOfNonOperation>
            <GoodFriday />
            <LateSummerBankHolidayNotScotland />
            <MayDay />
            <EasterMonday />
            <SpringBank />
          </DaysOfNonOperation>
        </BankHolidayOperation>
      </OperatingProfile>
      <VehicleJourneyCode>VJ_22-348-_-y08-3-3-T0</VehicleJourneyCode>
      <ServiceRef>22-348-_-y08-3</ServiceRef>
      <LineRef>22-348-_-y08-3</LineRef>
      <JourneyPatternRef>JP_22-348-_-y08-3-2-O-1</JourneyPatternRef>
      <DepartureTime>13:15:00</DepartureTime>
    </VehicleJourney>
    <VehicleJourney>
      <PrivateCode>suf-22-348-_-y08-3-4-T0</PrivateCode>
      <OperatingProfile>
        <RegularDayType>
          <DaysOfWeek>
            <MondayToFriday />
          </DaysOfWeek>
        </RegularDayType>
        <BankHolidayOperation>
          <DaysOfNonOperation>
            <GoodFriday />
            <LateSummerBankHolidayNotScotland />
            <MayDay />
            <EasterMonday />
            <SpringBank />
          </DaysOfNonOperation>
        </BankHolidayOperation>
      </OperatingProfile>
      <VehicleJourneyCode>VJ_22-348-_-y08-3-4-T0</VehicleJourneyCode>
      <ServiceRef>22-348-_-y08-3</ServiceRef>
      <LineRef>22-348-_-y08-3</LineRef>
      <JourneyPatternRef>JP_22-348-_-y08-3-1-O-1</JourneyPatternRef>
      <DepartureTime>14:15:00</DepartureTime>
    </VehicleJourney>
  </VehicleJourneys>
</TransXChange>